Adam, Larry 5 alarry@una.edu 12
Aguado, Alex 3 aalex@una.edu 12
Armstrong, Linda 10 alinda@una.edu 9
Bailey, Birdie 5 bbirdie@una.edu 9
Baird, Paul 5 bpaul@una.edu 12
Cagle, Corey 5 ccorey@una.edu 12
Cain, Jonathan 6 cjonathan@una.edu 12
Center, Thomas 4 cthomas@una.edu 12
Chaney, Pamela 3 cpamela@una.edu 9
Daly, Robert 10 drobert@una.edu 12
Davis, Ronald 6 dronald@una.edu 12
Elsey, Eddie 10 eeddie@una.edu 9
Fleming, Jonathan 9 fjonathan@una.edu 12
Flowers, Alan 4 falan@una.edu 15
Franklin, Sarah 6 fsarah@una.edu 9
Jackson, Jayson 2 jjayson@una.edu 12
Jenkins, Janet 6 jjanet@una.edu 9
Jerkins, James 1 jjames@una.edu 12
O'Neal, Eric 3 oeric@una.edu 12
Olive, Brentley 8 obrentley@una.edu 15
Patel, Dhrumil 3 pdhrumil@una.edu 12
Pearson, Quinn 6 pquinn@una.edu 9
Pitts, Gregory 0 pgregory@una.edu 12
Puckett, Terry 1 pterry@una.edu 9
Peter, Johnson 2 pjohnson@una.edu 9